Air_Temperature_K,Process_Temperature_K,Rotational_Speed_RPM,Torque_Nm,Tool_Wear_min,Machine_Age_years,Operating_Hours,Machine_Failure
301.49,312.66,1157,32.33,55,5,4516,1
299.59,308.76,1345,29.18,79,4,4440,0
301.94,310.71,1426,27.33,105,12,7213,0
304.57,314.56,1840,43.3,193,3,4571,1
299.3,309.04,1600,38.29,225,2,8607,1
299.3,308.62,1260,43.04,68,10,6412,0
304.74,315.78,1587,45.52,135,2,11487,0
302.3,313.73,1221,42.12,220,14,942,1
298.59,308.72,1695,45.26,250,15,3444,1
301.63,313.85,1415,39.44,135,4,4436,0
298.61,306.9,1483,30.5,139,2,898,0
298.6,308.31,1739,48.46,152,4,9843,1
300.73,309.65,1268,35.29,98,3,3495,0
294.26,301.46,1249,32.52,129,9,6829,0
294.83,304.71,1395,38.58,26,7,2716,0
298.31,308.13,1687,32.7,82,14,2207,1
296.96,309.23,1227,36.66,161,13,10679,1
300.94,311.89,990,42.75,66,11,6266,1
297.28,305.74,1419,42.79,195,15,6177,1
295.76,308.54,1599,32.82,34,12,3068,0
304.4,316.23,1716,36.1,191,3,8138,1
299.32,310.19,1417,48.59,191,13,660,1
300.2,309.86,1426,43.97,250,15,8567,1
295.73,304.29,1708,56.6,96,14,4404,0
298.37,307.81,1163,49.44,120,8,4073,1
300.33,311.96,1430,49.15,250,9,11869,1
296.55,309.38,1534,28.9,250,13,2325,1
301.13,313.44,1581,46.11,212,7,10315,0
298.2,307.47,1408,39.58,147,6,6082,1
299.12,307.44,1506,35.59,250,4,1676,1
298.19,308.4,1052,41.34,250,5,5418,1
305.56,312.91,1382,47.56,170,8,5380,1
299.96,310.44,1582,44.01,124,3,3720,0
296.83,306.61,1323,32.97,181,2,11951,1
302.47,311.77,1511,45.94,134,3,8320,0
296.34,303.95,1580,34.9,101,12,630,0
300.63,311.4,1438,41.73,196,7,7159,0
294.12,303.32,1531,37.57,87,8,4062,0
296.02,304.27,1327,38.25,168,1,1999,0
300.59,306.28,1463,46.13,40,13,7930,1
302.22,312.18,1610,31.68,250,7,8205,1
300.51,313.17,1528,55.56,72,9,8126,0
299.65,312.14,1394,25.43,46,12,7179,0
299.1,308.41,1540,35.22,247,13,3288,1
295.56,304.66,1629,42.96,250,14,5376,1
297.84,308.54,1131,44.67,145,14,4208,1
298.62,307.12,1709,39.2,113,15,10399,0
303.17,313.62,1439,39.54,97,3,2269,1
301.03,312.18,1577,43.28,140,15,10010,1
294.71,306.55,1716,38.15,117,3,7231,0
300.97,310.82,1253,51.15,108,8,11465,0
298.84,308.53,1372,46.71,67,4,11682,1
297.97,306.65,1448,46.98,54,14,3544,0
301.84,310.6,1359,32.27,127,8,875,0
303.09,312.75,1812,39.36,138,5,6847,1
302.79,313.34,1346,37.6,75,14,3536,1
297.48,308.85,1400,31.96,82,3,9352,0
299.07,307.87,1537,42.88,138,15,6718,1
300.99,313.23,1284,35.7,65,4,10095,0
302.93,312.52,1429,45.24,216,14,1240,1
298.56,308.53,1557,31.44,164,4,8995,0
299.44,308.32,1440,53.75,74,8,1585,0
296.68,303.04,1483,32.83,159,6,11871,1
296.41,307.74,1405,41.75,67,7,1710,1
302.44,313.55,1227,46.33,191,9,11726,0
304.07,313.65,1558,35.43,68,15,8920,0
299.78,309.88,1816,46.82,112,6,3619,1
303.01,313.78,1503,30.17,131,3,10546,0
301.08,308.74,1541,51.62,250,15,767,1
298.06,307.27,1625,40.11,71,13,3274,0
301.08,312.27,1272,35.23,69,3,11541,1
304.61,312.73,1806,37.61,42,11,4849,1
299.89,310.33,1536,46.47,250,3,5465,0
304.69,312.66,1794,35.32,123,12,10826,1
292.14,302.84,1368,34.01,219,10,8625,1
302.47,312.42,1827,38.23,83,2,3959,0
300.26,307.84,1640,30.58,88,1,10961,0
299.1,310.85,1600,54.56,117,11,1489,1
300.28,309.18,1542,35.47,119,10,1437,0
294.04,302.82,1455,46.65,178,1,7154,0
299.34,309.64,1716,41.68,125,4,7489,1
301.07,312.79,1525,32.12,95,3,9131,0
304.43,312.91,1146,39.95,250,5,7842,1
298.45,308.54,1299,46.27,66,12,6523,0
297.57,308.21,1467,38.49,72,9,2858,0
298.49,309.53,1556,49.54,67,12,10699,1
302.75,313.01,1490,48.17,182,13,3845,1
300.99,310.44,1719,47.35,156,8,6860,0
298.41,307.17,1149,36.32,109,12,5316,0
301.54,311.67,1526,31.36,64,9,4243,0
300.29,308.68,1173,35.09,131,13,7659,1
302.91,308.53,1637,41.57,196,5,1018,1
297.89,308.54,1483,44.37,250,8,768,1
299.02,310.38,1576,22.63,80,4,5944,0
298.82,305.28,1345,39.94,108,5,5975,0
295.61,304.1,1730,41.26,155,15,4685,1
300.89,311.82,1688,37.78,94,12,5661,0
300.78,313.87,1605,50.33,47,3,10080,1
300.02,310.05,1477,43.37,109,5,10386,0
299.3,308.21,1604,50.48,51,12,11965,1
295.75,305.48,1373,38.27,206,3,10081,1
298.74,310.8,1654,47.5,99,5,4365,1
298.97,308.0,1797,53.08,116,11,11721,1
297.59,306.39,1693,50.49,73,14,8511,1
299.52,308.8,1369,31.26,118,5,2835,0
301.21,309.78,1565,37.97,241,6,4174,1
305.66,315.84,1267,37.24,218,9,5076,1
300.52,312.96,1603,43.91,57,1,1000,0
300.77,311.25,1581,45.49,11,12,10353,0
299.78,309.4,1163,33.29,109,10,10791,1
294.24,303.8,1291,40.54,99,14,8583,1
299.92,307.58,1449,23.84,96,6,8794,0
300.18,311.5,1446,51.54,84,1,6043,1
307.39,317.27,1282,35.9,56,6,3246,0
299.42,309.15,1570,40.45,250,2,3776,1
300.9,315.69,1545,37.52,250,8,3585,1
299.9,310.35,1465,49.17,93,11,6235,1
296.49,305.36,1364,17.3,130,3,8296,0
303.43,312.79,1689,39.87,208,10,7113,1
302.26,313.98,1798,39.15,129,14,1827,1
302.37,312.54,1413,36.37,88,6,8272,1
297.27,305.11,1390,53.81,47,6,11166,0
304.21,315.59,1588,32.9,121,15,10371,0
295.79,304.79,1436,46.17,52,4,4246,0
301.76,314.57,1475,42.85,231,5,6184,1
306.57,318.19,1633,50.09,118,2,3062,0
297.03,306.36,1156,34.66,162,10,4663,1
298.3,310.22,1737,34.14,97,15,3817,1
300.3,310.4,1513,48.77,192,10,2936,1
298.49,309.77,1426,43.4,79,8,6269,0
295.35,306.08,1484,27.64,143,10,8999,0
300.21,308.94,1493,35.69,95,7,6418,0
296.81,305.84,1188,43.09,104,10,1589,0
301.42,312.96,1769,46.7,206,6,5055,1
297.24,306.74,1507,34.57,73,7,2894,0
304.65,314.04,1580,16.69,148,12,6968,0
297.65,306.22,1671,44.19,247,1,4504,1
299.03,309.67,1316,30.24,202,14,1166,1
302.44,315.53,1585,23.86,81,14,6218,0
296.31,304.71,1452,17.34,160,5,5652,0
300.68,310.72,1652,46.51,34,7,2734,1
303.92,316.04,1117,41.03,210,1,6835,1
295.18,305.06,1482,38.19,250,2,1736,0
300.55,311.23,1391,51.11,144,9,2123,1
300.78,309.19,1578,45.1,250,12,1874,1
302.35,312.99,1585,52.93,46,3,7775,1
296.29,306.01,1373,28.86,60,6,6859,0
296.04,307.52,1372,39.72,97,15,676,1
301.57,313.35,1480,27.07,109,7,10045,0
300.89,314.77,1339,38.16,144,9,7204,0
300.75,311.62,1652,38.01,81,5,3428,0
301.04,311.53,1434,45.01,131,4,9317,0
297.96,308.25,977,40.36,206,11,8117,1
300.7,310.17,1433,44.99,160,12,11346,1
300.88,311.39,1313,45.63,95,15,8114,0
297.86,307.42,1206,57.24,183,2,4215,1
305.6,315.85,1277,37.48,93,3,4774,1
301.42,313.4,1520,32.47,126,15,9086,1
296.43,304.92,1739,41.97,200,5,9860,0
301.97,313.68,1556,33.58,107,11,5471,0
297.08,309.06,1391,51.86,51,15,8889,0
302.36,312.18,1582,37.73,124,13,1468,1
303.48,310.3,1417,35.48,201,2,3655,0
297.54,306.63,1375,36.23,212,13,5264,1
302.89,314.84,1292,45.75,59,4,3004,0
301.24,311.21,1185,38.74,179,1,8143,1
302.47,310.97,1430,34.87,103,4,9968,0
305.69,314.93,1528,53.32,250,7,6506,1
299.26,310.52,1483,33.15,52,15,8462,0
297.74,308.56,1425,40.28,177,14,8443,0
297.33,306.97,1330,45.22,96,12,1769,0
297.55,307.0,1609,26.95,82,3,1864,0
299.77,309.18,1263,43.84,205,10,7216,1
301.02,309.64,1640,31.56,223,8,1423,1
300.83,313.25,1320,46.58,26,6,970,0
302.48,312.0,1365,32.3,207,6,7097,0
300.04,311.87,1236,45.54,115,14,11708,1
304.36,316.64,1410,48.85,122,15,10746,1
299.21,310.71,1676,46.89,50,1,10743,0
308.16,317.51,1593,42.01,170,5,3454,1
301.88,312.49,1676,38.15,250,3,1648,1
297.43,307.39,1594,35.39,85,15,3586,0
296.79,305.43,1301,51.77,235,10,9651,1
301.45,311.94,1440,34.4,119,15,1129,1
299.33,307.56,1360,31.7,87,1,7907,0
302.14,313.92,1740,45.32,43,8,1274,0
301.42,310.72,1285,33.63,250,7,9051,0
299.78,310.08,1661,32.4,128,7,9209,1
297.46,307.88,1661,28.45,90,12,1843,0
295.46,305.07,1829,36.14,100,10,7898,0
298.66,309.54,1426,39.34,178,14,10661,1
302.57,311.86,1628,41.94,90,10,7697,1
300.64,311.95,1911,47.61,64,10,5516,1
296.26,304.24,1389,44.22,112,4,11919,0
300.52,310.71,1224,38.47,110,13,8297,1
301.16,314.07,1162,38.41,108,15,3399,0
297.35,305.85,1628,44.08,91,11,1434,0
300.46,309.44,1161,50.18,240,6,2486,1
300.17,310.94,1433,41.01,250,13,5496,1
296.57,306.84,1579,36.25,59,9,7042,1
301.07,311.6,1533,32.06,23,15,5965,0
301.68,312.41,1577,28.44,104,14,6811,0
303.25,314.2,1540,45.33,25,3,9068,0
303.16,314.82,1730,44.62,40,15,10466,1
295.87,306.48,1329,44.62,86,9,2005,0
297.19,306.83,1378,38.97,178,4,5863,1
301.55,312.56,1361,51.26,103,5,11346,1
301.54,314.39,1649,36.13,18,7,1510,0
301.55,311.35,1662,47.64,102,6,3977,1
311.56,320.1,1581,39.69,107,10,8241,0
301.71,313.37,1713,35.13,108,8,9922,0
303.41,313.23,1288,44.74,220,8,9869,1
302.86,309.6,1800,43.28,200,8,4357,1
301.95,313.22,1774,42.86,125,3,10787,1
299.05,308.25,1632,40.65,250,15,10364,1
302.28,312.14,1821,39.7,86,14,10620,1
297.68,308.18,1202,59.11,111,10,4339,0
299.29,309.58,1406,49.47,118,6,11870,0
298.54,309.6,1368,45.78,43,7,4768,0
300.25,309.6,1630,40.89,120,9,3053,0
306.94,317.71,1311,48.06,37,10,11137,1
294.4,304.01,1636,44.14,77,10,4889,1
302.06,313.17,1747,40.21,129,14,1051,1
295.16,306.08,1625,37.57,48,12,6066,0
298.58,307.18,1551,39.35,146,15,11589,1
303.27,314.9,1322,15.0,70,4,9731,0
300.19,309.39,1348,41.68,95,5,6258,0
296.77,307.98,1725,36.09,161,8,9576,1
297.85,308.4,1640,52.74,114,1,3551,0
302.04,314.8,1493,40.15,144,12,5822,1
297.81,307.47,1425,30.49,155,6,3055,0
300.65,310.13,1135,39.6,113,15,1589,0
300.14,310.11,1307,31.63,149,4,958,0
298.05,307.6,1844,43.79,77,5,5221,0
306.43,317.63,1270,42.33,160,11,6804,1
301.9,309.48,1534,47.66,104,5,10699,0
293.92,302.34,1681,33.67,243,2,2420,0
300.56,308.96,1274,40.27,130,8,8194,0
298.01,309.44,1533,29.08,84,15,6168,0
302.56,315.13,1669,45.61,161,2,6798,0
297.62,307.46,1502,44.15,249,4,7129,1
299.66,309.41,2016,43.97,89,12,5646,1
301.51,311.62,1200,40.01,79,13,1503,1
302.6,314.34,1691,43.32,12,5,3583,0
296.4,305.01,1469,52.83,130,14,10806,1
299.0,309.36,1639,37.72,98,1,3089,0
298.58,310.04,1579,41.11,161,6,10835,1
298.04,308.79,1368,31.31,163,2,4810,0
305.3,315.58,1541,33.05,44,14,2741,0
301.21,312.71,1166,40.78,199,5,6266,1
296.22,302.17,1609,48.83,72,15,8211,0
302.75,313.77,1554,37.95,89,6,5480,0
306.37,315.39,1615,38.11,146,11,10778,1
303.1,310.35,1690,36.74,56,8,1438,0
295.44,306.21,1566,35.72,80,9,4801,0
298.55,310.61,1527,42.36,52,13,4470,0
303.8,313.59,1341,28.02,209,15,4499,1
297.88,309.31,1372,50.25,94,12,5150,1
301.33,313.75,1714,34.68,49,6,7127,0
302.32,314.29,1759,45.78,51,5,3908,0
297.22,309.68,1457,29.84,190,12,9462,0
299.82,310.93,1508,45.35,68,4,748,1
290.28,300.39,1337,45.38,88,2,9064,0
296.93,304.53,1711,43.07,123,2,6450,0
299.24,308.87,1620,32.04,98,7,3426,0
296.26,305.0,1849,42.0,30,5,8475,0
304.9,318.16,1342,30.54,171,7,4357,1
295.71,305.45,1432,37.98,103,13,5430,0
298.68,308.86,1542,48.24,143,11,7514,1
300.39,311.22,1616,46.37,178,1,9393,1
304.32,314.39,1461,40.12,24,1,10877,0
295.69,308.23,1343,32.2,179,5,7466,1
303.49,312.56,1659,45.16,250,2,9633,1
300.03,310.32,1630,40.16,152,8,7087,1
297.06,305.95,1335,21.44,246,14,6996,1
301.39,309.41,1744,46.26,205,15,5591,1
300.6,309.68,1711,39.81,176,3,9485,1
298.2,308.14,1524,49.62,209,1,1177,1
300.21,309.57,1514,31.24,229,13,6409,0
298.84,307.8,1600,15.0,235,2,2061,0
300.34,308.23,1345,42.23,51,10,4553,1
301.99,311.87,1505,42.33,217,10,9144,1
304.76,312.5,1113,26.47,102,7,11158,1
296.29,307.43,1658,32.17,239,6,4156,1
306.4,316.52,1219,62.04,160,12,5734,1
294.14,301.95,1771,37.56,51,8,4646,0
299.54,309.08,1441,45.85,250,7,5988,1
301.76,310.63,1462,34.79,72,14,8581,1
300.84,311.32,1387,23.28,99,10,709,0
298.13,310.14,1448,38.64,250,13,5483,1
299.38,306.57,1755,37.88,131,8,7641,1
298.52,308.69,1052,36.8,96,3,10618,1
298.23,307.99,1730,39.08,115,6,5445,1
302.55,313.56,1561,42.11,95,13,8480,0
301.07,311.39,1283,38.8,190,7,4466,1
297.92,306.79,1306,29.89,97,15,10569,1
302.7,312.22,1802,43.89,117,10,9318,0
300.92,309.73,1330,24.41,168,11,11418,1
302.44,314.05,1292,23.6,157,1,10150,1
301.89,311.92,1705,45.91,76,1,3324,0
297.51,310.36,1561,44.06,191,7,1750,1
298.32,308.23,1331,39.54,86,13,5258,0
302.24,311.18,1539,28.84,59,11,4863,0
301.83,309.56,1315,34.34,32,13,2663,0
299.94,307.24,1698,37.9,107,3,10315,0
300.35,307.97,1691,27.23,37,3,2353,0
303.83,314.23,1596,34.09,69,15,1253,0
298.23,308.99,1565,45.22,119,5,5948,0
301.64,309.27,1817,51.42,227,15,2368,1
299.39,310.73,1500,36.64,101,11,681,0
299.35,308.63,1287,46.05,44,6,2013,0
303.3,313.52,1581,24.69,112,2,9594,0
302.48,314.9,1875,45.28,222,3,3844,1
302.44,313.79,1317,33.57,99,6,5738,0
303.92,313.52,1435,42.46,249,3,7589,1
300.06,308.72,1575,38.02,118,14,6901,1
302.05,308.82,1490,50.56,180,5,3056,1
299.07,307.99,1323,33.0,137,9,10831,1
300.97,310.65,1702,45.02,242,12,6598,0
299.61,308.13,1918,37.76,250,3,5780,1
300.29,310.09,1535,38.73,89,12,4744,0
301.79,311.91,1337,38.53,132,11,2664,0
297.55,307.21,1221,33.23,227,13,7101,1
306.28,315.3,1546,39.89,140,13,11304,1
296.98,307.23,1699,39.5,31,6,2521,0
296.36,307.02,1586,41.93,100,11,3321,1
303.47,311.83,1500,40.68,139,5,6438,1
302.37,314.49,1394,46.38,250,5,6632,1
301.87,311.72,1303,47.39,128,11,10973,1
301.89,311.92,1650,31.6,66,14,10262,1
299.96,311.02,1664,46.95,141,14,6469,1
297.31,307.66,1222,30.51,250,6,10664,1
300.23,311.66,1786,44.7,80,6,10936,0
297.97,308.4,1603,44.96,87,1,6668,0
302.93,312.01,1752,24.71,81,11,11134,0
299.56,310.1,1258,40.74,48,15,1213,0
297.52,305.8,1254,36.25,124,9,7703,1
299.04,309.2,1473,33.93,116,5,4045,0
301.24,311.19,1591,50.81,33,1,8914,0
298.31,308.0,1823,34.77,70,8,1363,1
297.53,307.34,1627,33.55,134,7,5125,0
300.73,307.91,1456,40.61,177,7,5807,0
300.73,309.91,1315,45.48,206,15,1925,0
298.48,308.62,1721,38.87,186,14,2804,1
298.59,308.83,1326,49.33,120,5,1153,1
300.7,309.16,1793,44.25,42,1,9851,0
295.66,307.56,1449,22.57,104,9,8629,0
295.78,304.48,1786,35.76,16,11,10534,0
297.84,309.29,1622,35.51,135,9,7234,1
299.36,310.0,1475,43.83,78,8,943,0
300.93,309.96,1407,19.0,24,5,11157,0
304.43,317.09,1439,60.39,150,14,7959,1
302.57,310.78,1577,44.25,250,3,5169,1
299.52,310.9,1514,41.19,38,8,5606,1
299.94,311.44,1393,49.45,157,1,4936,0
296.99,305.98,1470,58.75,93,3,3357,0
299.94,312.03,1514,46.97,72,12,9972,1
299.13,308.75,1117,47.59,72,11,3539,0
300.97,311.4,1582,41.05,93,7,8791,0
297.52,307.91,1324,38.87,93,14,10778,0
301.56,311.36,1292,36.19,117,15,11002,1
304.6,315.82,1196,33.39,68,4,3237,0
299.67,310.86,1177,34.5,77,7,7456,0
301.21,308.59,1256,29.2,165,12,5739,1
302.07,314.03,1372,39.39,63,11,2107,0
298.8,306.31,1852,26.52,140,13,3453,1
300.67,312.22,1405,41.53,96,14,6433,0
300.04,311.73,1532,39.71,84,5,11886,0
300.29,308.65,1572,41.18,250,6,5182,1
297.68,307.06,1524,35.82,49,14,11784,0
300.07,308.41,1486,64.61,250,7,6833,1
301.49,311.17,1285,50.88,192,15,7892,1
304.35,313.89,1761,30.04,79,13,11654,0
302.88,314.05,1825,41.86,195,10,11354,1
306.46,318.43,1197,35.14,11,12,9547,1
297.7,309.79,1316,31.88,74,7,7109,1
302.62,311.78,1450,29.28,64,7,10838,1
300.55,310.24,1326,43.46,151,7,5425,0
306.57,314.04,1591,34.55,179,11,10078,1
297.58,306.37,1369,47.74,149,13,7750,1
297.48,308.93,1890,47.95,129,13,10408,1
298.2,310.62,1714,50.99,203,7,6283,1
293.63,301.78,1538,33.18,187,3,10417,0
298.42,307.53,1685,43.8,78,15,10645,1
297.72,307.68,1699,45.06,84,12,7223,0
300.45,310.87,1398,36.21,181,3,684,0
301.03,309.82,1353,33.83,116,7,1021,0
305.63,316.27,1514,52.88,121,14,11003,1
302.85,312.14,1655,41.82,131,2,1748,0
298.27,308.25,1525,45.09,32,14,10350,0
297.3,308.12,1216,33.42,76,2,1502,0
301.48,311.49,1355,30.25,158,3,6766,1
296.04,305.39,1487,35.44,75,14,11919,0
305.49,315.33,1486,39.01,103,4,6944,1
303.54,313.41,1855,31.49,158,6,11830,1
298.59,308.03,1251,39.92,209,13,10620,1
294.86,304.47,1591,26.49,223,8,7517,1
304.06,316.46,1768,31.04,231,10,9085,1
299.66,310.5,1909,45.37,110,10,2117,1
303.71,313.27,1427,44.83,103,7,1160,1
295.22,306.27,1588,36.86,53,4,6024,0
298.2,307.7,1603,31.86,250,2,8116,0
300.02,311.78,1535,31.78,100,2,5750,0
300.14,310.69,1482,37.01,250,15,8012,1
298.65,308.49,1578,45.16,142,4,7405,0
301.87,312.54,1044,47.43,215,6,819,1
296.8,304.44,1623,36.03,114,3,10916,0
299.57,307.88,1523,30.77,167,6,9275,1
300.36,308.57,1460,42.14,219,5,4100,1
301.54,311.75,1868,33.41,87,5,6460,0
302.13,314.73,1379,35.85,231,2,5779,0
296.63,309.98,1427,50.6,58,8,9273,0
295.4,306.36,1858,46.62,250,5,2267,1
303.83,314.58,1350,41.26,131,11,10248,1
301.0,308.3,1401,29.82,77,2,2298,0
297.75,306.94,1474,41.69,190,7,9690,1
304.65,313.47,1651,48.5,146,13,9449,1
300.35,309.42,1537,36.99,33,15,782,0
303.54,313.29,1267,50.81,93,9,6837,0
300.2,309.49,1404,50.34,60,9,5666,0
306.18,313.21,1391,53.31,64,1,7621,1
305.27,316.39,1486,42.44,63,7,7909,1
299.25,307.64,1577,44.7,162,9,5989,0
302.91,313.27,1575,51.31,198,6,5396,1
301.94,315.05,1180,43.58,72,1,630,0
304.11,312.73,1692,35.99,26,2,1793,0
297.11,303.31,1545,36.41,16,4,6559,0
302.06,311.63,1749,41.91,250,14,7457,1
303.18,314.83,1580,29.68,132,4,560,0
294.72,307.66,1698,38.85,191,2,2711,0
296.45,304.61,1584,48.77,106,8,10240,1
293.88,304.63,1742,22.47,22,2,10473,0
299.19,308.49,1594,52.28,153,3,6776,0
302.15,311.99,1482,48.98,250,14,5863,1
304.51,318.48,1909,36.32,79,4,8652,1
300.22,307.97,1660,44.35,20,9,8473,0
304.89,315.27,1603,40.03,53,10,537,0
295.86,306.56,1270,49.84,196,1,6490,1
294.89,306.52,1268,47.86,145,8,5938,0
299.83,309.98,1553,28.8,232,12,8177,1
301.15,311.61,1526,44.7,121,15,11356,0
299.9,309.31,1389,38.35,178,14,973,1
293.8,304.2,1525,40.66,92,5,558,0
299.73,309.22,1786,34.17,56,7,3136,1
296.09,307.02,1625,53.99,178,8,3114,0
302.01,311.46,1295,48.32,198,15,11306,1
301.1,311.67,1480,34.08,81,5,7796,0
297.18,307.14,1355,29.32,250,8,5499,1
298.46,310.15,1430,36.91,250,10,10103,1
296.82,306.74,1426,43.48,63,11,8776,1
299.81,307.15,1414,41.92,65,8,10225,0
302.87,314.76,1274,50.03,67,9,4297,1
297.04,305.68,1477,46.32,111,2,3174,0
301.51,310.53,1399,47.76,94,3,11565,0
298.41,307.52,973,42.61,47,1,6936,1
297.62,309.68,1870,28.89,68,4,3620,0
299.68,306.48,1696,38.43,22,15,9782,0
296.89,311.6,1432,48.48,26,15,11526,0
298.34,309.92,1503,39.59,41,5,2576,0
296.41,306.74,1289,44.02,250,11,3690,1
305.89,315.81,1805,37.45,250,1,5287,1
300.11,310.54,1842,31.76,184,8,6556,1
297.9,308.68,1528,39.01,81,2,7994,0
300.64,311.61,1684,42.47,40,1,9900,0
299.66,310.49,1532,34.75,119,2,4077,0
299.34,309.47,1259,38.11,156,15,5241,1
301.84,311.54,1426,32.48,73,13,7332,0
302.27,312.04,1524,48.95,151,5,3081,1
298.41,308.12,1418,37.64,53,9,4287,0
298.27,309.97,1461,51.62,82,9,9207,0
299.17,310.06,1484,52.23,102,2,7603,0
293.09,298.68,1485,39.35,250,2,10904,1
295.45,306.43,1509,31.93,68,3,11666,0
304.1,314.39,1309,23.31,155,7,1432,0
304.93,314.9,1371,28.22,61,11,2163,0
299.25,308.67,1269,29.01,55,3,9248,0
301.73,313.42,1676,51.03,73,1,8414,0
300.93,312.35,1121,40.93,122,14,10363,1
309.24,318.08,1708,43.12,250,14,9684,1
303.36,313.97,1750,22.24,80,14,10320,0
299.62,308.16,1446,30.42,199,6,10383,1
297.13,305.06,1031,47.1,250,3,5352,1
295.18,304.24,1435,42.29,140,1,1604,0
300.61,311.9,1488,38.82,220,14,1770,1
297.73,309.16,1318,44.52,70,13,11594,0
295.73,306.5,1407,53.09,153,4,10101,1
298.06,309.15,1775,38.23,176,13,4146,1
296.76,307.53,1620,40.55,46,1,5587,0
305.06,314.1,1334,41.54,65,1,10022,0
302.64,313.29,1212,59.14,99,12,5223,1
299.98,311.18,1441,23.21,74,2,2554,0
304.44,315.57,1462,45.47,107,10,9645,1
300.23,312.01,1589,39.08,41,8,7158,0
297.42,308.48,1404,44.53,250,2,2342,1
304.57,315.1,1592,34.74,211,11,3302,1
301.62,313.23,1848,39.61,250,2,8235,1
296.89,306.85,1647,45.69,50,15,8701,0
299.43,308.11,1491,64.9,156,11,11301,1
297.37,307.13,1467,46.46,74,11,8813,0
295.85,304.73,1436,33.22,55,10,6605,0
302.78,311.77,1713,36.61,204,10,3060,1
305.73,315.51,1387,36.37,124,8,3537,1
295.8,304.61,1508,25.63,95,12,9132,0
301.69,311.23,1509,37.36,142,6,3249,0
298.05,305.21,1410,45.86,67,12,1090,0
298.54,308.86,1253,29.81,66,11,1868,0
298.22,308.22,1558,48.39,76,4,10681,0
297.41,306.18,1489,43.9,227,3,1861,0
300.15,311.14,1590,34.13,217,1,8628,1
297.51,308.92,1404,38.87,48,11,4273,0
300.81,308.4,1720,52.79,250,3,2564,1
299.85,308.71,1342,45.87,118,12,2915,0
299.28,308.13,1808,40.07,155,14,3451,1
297.28,305.87,1185,38.1,75,9,6116,0
298.27,309.51,1578,40.61,122,5,8475,0
302.27,311.98,1586,35.91,55,13,11460,0
301.5,311.1,1357,23.16,71,6,7601,0
297.07,304.06,1576,56.34,194,5,10268,1
300.3,311.25,1730,41.24,197,1,5503,1
302.25,310.39,1101,43.19,159,10,8806,1
294.99,305.08,1590,39.54,91,1,6743,0
301.63,312.05,1051,34.12,48,4,7081,1
298.01,310.05,1326,38.51,243,15,10060,1
301.71,309.75,1793,27.2,205,3,8830,1
297.71,303.18,1395,58.22,29,11,5423,0
294.59,304.87,1289,30.12,199,8,6967,1
295.12,307.82,1464,31.74,95,12,5441,0
300.14,312.0,1872,36.48,179,12,6937,1
300.78,311.09,1170,50.3,41,7,6576,1
297.29,306.55,1311,40.12,77,15,6148,0
301.92,313.13,1770,30.11,127,11,8501,1
295.02,303.56,1834,50.03,250,15,1815,1
299.8,310.51,1481,45.85,127,7,573,1
296.37,307.13,1277,44.31,222,15,9175,1
298.04,309.63,1877,45.73,138,8,2049,1
300.14,314.28,1787,59.15,135,14,1859,1
297.42,308.01,1622,57.48,164,10,2396,1
298.85,308.09,1354,34.51,116,7,7159,0
303.02,312.98,1491,52.99,192,10,5746,0
298.27,305.62,1471,43.07,57,2,7467,0
302.51,311.47,1560,43.99,116,4,7161,1
296.61,306.0,1761,26.46,250,15,1010,1
301.59,310.8,1658,38.64,227,11,9114,1
304.32,314.55,1306,33.5,145,6,2932,0
292.59,301.36,1748,46.62,210,3,2406,1
297.61,309.29,1556,48.57,250,15,9650,1
301.73,311.73,1624,23.4,26,3,9516,0
299.39,309.38,1764,39.82,101,15,564,1
301.11,310.62,1300,48.97,77,6,5428,0
298.19,308.42,1494,38.51,44,1,5210,0
300.26,311.5,1404,45.83,250,14,6624,1
299.53,308.23,1218,42.81,169,1,8337,1
303.5,312.51,1562,42.73,206,5,1300,1
300.76,310.3,1952,37.83,79,1,6563,1
301.01,308.99,1169,30.27,99,10,8969,1
298.76,307.53,1494,31.03,120,8,6609,0
298.54,307.83,1615,45.67,152,2,10409,0
298.7,310.01,1522,40.16,187,6,11105,1
301.18,311.57,1480,38.89,31,10,7159,0
298.74,309.03,1266,36.61,181,10,1738,0
300.87,312.15,1542,37.56,104,5,7082,0
306.23,316.02,1364,48.38,250,10,5023,1
302.61,313.2,1106,37.32,249,12,6120,1
299.02,308.87,1715,29.27,143,12,1986,0
303.6,314.0,1673,45.95,122,4,5181,0
298.78,307.91,1509,38.36,99,1,11990,0
293.89,300.23,1541,40.25,152,14,4970,0
296.98,306.78,1693,52.86,242,14,6119,1
294.39,306.52,1540,39.84,124,3,11687,0
298.95,310.34,1663,42.31,84,13,8784,1
300.06,311.51,1446,30.57,122,12,7677,0
305.03,316.88,1736,38.24,144,4,5941,1
300.98,311.11,1558,44.88,55,2,2340,0
299.34,309.64,1535,27.56,45,12,5897,0
302.49,311.56,1271,41.61,85,2,2121,0
293.37,302.9,1552,40.81,250,2,2061,1
300.71,311.63,1350,40.33,234,11,6349,1
302.31,314.12,1385,48.3,38,1,1916,0
295.56,305.35,1353,42.68,64,10,11656,1
303.43,312.75,1308,51.82,186,2,4690,1
301.02,311.02,1882,32.05,92,6,5554,1
298.75,309.65,1740,41.09,157,3,1630,0
301.9,309.73,1846,40.68,39,10,10105,1
306.81,313.37,1280,31.45,121,5,4097,0
300.55,309.72,1513,47.65,113,1,2618,0
300.74,308.91,1267,58.6,206,8,1163,0
298.62,307.86,1375,39.86,152,13,3134,1
297.45,307.23,1335,44.04,131,4,3274,0
302.49,311.81,1723,40.68,33,9,6694,0
297.43,309.61,1429,34.29,250,4,4469,0
300.21,310.7,1692,25.43,178,14,3990,0
298.57,309.02,1609,34.35,75,15,10263,0
301.44,312.37,1915,28.86,129,15,2023,1
301.0,309.29,1234,53.63,94,15,8553,0
303.11,314.67,1727,39.08,106,2,1487,1
298.47,308.36,1706,37.23,232,3,11930,1
299.19,310.2,1325,47.11,63,5,8415,0
297.06,305.45,1681,31.03,182,12,6903,1
298.67,306.34,1561,33.87,238,10,5821,1
301.13,312.36,1459,40.54,166,15,4345,0
302.27,312.83,1352,48.23,109,13,6801,0
297.23,305.88,1371,44.01,71,13,598,0
302.61,311.31,1869,41.99,78,14,2788,0
304.07,315.76,1500,40.62,130,6,10206,1
301.24,309.46,1641,43.2,124,7,4797,1
305.63,318.09,1358,41.61,195,4,9325,1
297.68,306.33,1360,31.76,41,7,8296,1
296.27,307.23,1695,40.37,231,15,7763,1
294.66,304.17,1257,31.41,250,10,9270,1
304.49,315.39,1425,40.65,115,3,4459,0
301.96,311.14,1506,36.15,105,7,7885,0
299.83,309.59,1520,60.32,111,4,8964,0
300.84,310.9,1468,39.68,128,13,5838,0
296.62,305.12,1571,28.77,99,13,5381,1
307.34,318.45,1625,38.93,27,8,4454,0
300.39,309.62,1632,44.15,109,9,4427,0
300.33,309.99,1323,53.39,132,7,9144,1
302.18,310.69,1449,35.28,245,8,9867,1
301.44,307.6,1715,27.34,63,8,5411,0
300.67,310.38,1661,46.53,250,2,913,1
297.63,311.25,1253,28.96,95,9,2050,0
301.41,312.59,1563,36.51,68,6,5026,1
305.65,315.62,1144,37.94,178,11,7641,1
304.04,313.65,1508,39.44,88,4,7071,0
304.78,314.81,1842,45.51,117,15,2446,1
298.47,309.29,1329,34.53,122,5,5703,1
297.03,305.26,1350,37.81,172,10,691,0
299.62,311.29,1638,39.89,115,5,540,0
300.17,311.24,1222,41.2,107,7,10551,0
303.28,314.36,1386,40.78,94,14,6392,1
294.92,305.58,1607,43.49,162,9,10024,1
304.59,314.62,1386,46.75,85,7,3949,0
299.53,310.54,1458,43.14,249,9,8827,0
298.72,309.61,1634,43.63,123,4,6409,1
296.96,306.43,1576,27.34,34,10,2441,0
295.04,304.18,1548,40.4,144,14,10257,0
302.47,312.62,1439,43.84,158,10,4721,1
300.22,312.54,1567,45.83,250,4,8024,1
296.13,304.27,1478,34.46,74,6,7043,0
296.11,303.91,1582,34.73,66,8,6722,0
298.99,309.24,1411,35.41,175,14,9080,1
305.01,315.09,1467,44.29,228,9,2058,1
299.22,309.48,1322,48.27,72,1,2621,0
295.49,305.86,1494,36.74,141,1,1528,1
299.26,308.93,1354,47.26,116,13,8773,0
299.18,311.41,1299,40.99,73,8,6156,0
291.91,299.51,1547,39.01,112,11,9467,0
299.84,308.6,1538,38.31,219,7,3538,0
299.31,309.16,1641,45.97,123,9,11579,1
302.09,309.63,1422,42.6,108,11,2378,0
305.55,315.29,1573,58.21,170,3,2771,0
303.38,315.87,1599,33.18,230,10,2107,1
299.19,309.22,1580,44.14,62,12,3639,0
296.68,307.03,1351,35.77,145,5,1105,0
307.72,315.83,1527,33.05,96,3,5235,1
300.18,309.26,1566,39.91,123,15,4165,1
300.04,309.48,1501,41.1,178,5,6352,0
299.93,309.45,1124,63.35,100,10,5962,1
300.59,312.51,1529,38.53,114,1,2644,0
299.57,310.41,1898,30.96,209,14,4770,1
298.28,306.61,1435,42.18,156,11,8607,1
298.36,308.73,1369,23.4,112,4,1876,0
299.9,310.65,1567,39.26,131,6,3962,0
298.37,310.08,1556,40.13,125,2,847,0
297.86,310.23,1715,46.36,32,13,500,0
300.32,308.8,1274,47.79,132,7,562,1
299.24,308.02,1632,35.97,49,8,2283,0
304.51,312.62,1606,38.8,226,1,8917,1
292.05,301.7,1474,33.87,48,13,7066,0
303.27,313.97,1561,30.98,93,4,1542,0
303.74,315.22,1685,42.48,82,11,9536,1
293.78,303.67,1657,29.81,250,4,11372,1
298.97,308.49,1294,36.68,221,13,1734,0
298.89,309.12,1648,32.04,18,5,2484,0
295.78,304.53,1488,44.4,119,14,9970,1
297.67,310.8,1513,54.41,55,12,2094,0
296.67,304.26,1513,29.59,132,12,6757,0
305.26,315.54,1473,25.18,176,4,11243,1
302.81,315.85,1715,39.0,139,9,2452,0
303.81,313.82,1485,40.13,182,7,2195,0
302.17,311.88,1298,41.75,102,13,1454,0
296.61,306.07,1429,36.43,142,2,3791,0
298.43,308.16,1532,38.39,178,1,9048,0
301.47,313.53,1721,42.94,90,9,1468,0
296.33,303.01,1609,48.32,68,1,741,0
302.14,314.44,1347,24.36,79,6,4734,0
299.28,307.14,1947,37.05,112,15,10836,1
298.88,308.48,1548,41.71,121,15,8838,1
302.13,311.49,1730,32.66,146,2,7849,0
301.33,312.21,1473,53.85,74,4,5661,0
298.92,306.52,1596,34.92,181,6,9234,0
303.48,314.17,1651,39.67,250,5,9383,1
296.76,309.8,1719,44.45,82,11,1525,0
301.85,309.81,1690,35.27,250,6,3859,1
301.78,312.06,1657,25.23,250,3,5757,1
299.07,308.08,1443,36.57,121,5,6236,0
300.98,311.62,1397,48.24,110,2,8179,1
296.25,306.28,1560,37.3,78,7,3451,0
302.77,311.81,1668,33.23,196,3,9421,1
299.45,310.18,1460,47.41,126,1,7889,0
298.43,311.14,1692,37.35,134,14,3055,0
303.15,312.86,1761,35.92,69,8,1650,0
297.89,308.97,1335,41.2,200,8,2235,1
295.77,303.83,1349,46.17,104,3,8431,0
295.33,303.9,1475,59.05,58,13,1538,0
301.82,312.53,1555,46.62,115,7,6869,1
296.16,308.39,1406,49.28,72,9,7627,0
305.26,315.79,1743,35.95,250,8,3412,1
293.75,303.28,1576,31.79,250,3,5340,1
305.09,315.09,1507,40.5,117,15,11232,1
300.63,308.75,1242,40.86,218,13,1742,1
299.71,310.62,1263,31.37,215,2,9464,1
298.37,309.69,1551,38.6,8,13,10608,0
301.2,310.52,1116,43.19,79,10,8598,1
299.89,309.18,1682,42.88,129,7,3912,0
303.31,313.71,1472,44.03,92,7,2999,0
300.34,309.68,2084,42.33,75,9,7660,1
300.45,310.35,1915,35.94,223,5,6610,1
298.91,312.06,1467,35.89,89,4,4045,0
299.83,309.46,1481,30.41,147,8,1713,0
300.92,310.38,1679,54.28,212,14,11623,1
294.87,303.9,1807,40.11,250,4,918,1
295.96,307.08,1205,38.2,58,4,5460,0
302.23,311.96,1178,32.57,62,12,1288,0
300.51,309.54,1388,63.49,137,14,2371,1
299.45,311.43,1605,31.41,26,12,2525,0
300.06,312.19,1589,36.57,64,2,6764,0
301.04,310.14,1693,43.33,237,13,2946,1
298.38,305.58,1284,44.8,173,15,7929,1
297.67,309.18,1083,47.66,112,1,5323,1
300.59,309.56,1654,54.46,158,4,9252,1
297.06,308.25,1351,44.05,180,7,3151,1
301.22,308.26,1137,31.55,45,12,1039,0
294.89,306.23,1526,37.94,88,9,6999,0
303.09,311.27,1643,42.46,250,9,5255,1
301.42,312.52,1478,56.55,139,12,6459,1
300.77,310.79,1418,28.82,144,10,11828,0
302.95,311.52,1471,49.62,117,15,3789,0
305.0,314.39,1433,41.44,32,1,11302,0
303.04,314.07,1257,46.7,81,5,6046,0
294.48,304.64,1371,39.18,153,7,10636,0
296.16,307.04,1594,33.26,90,13,11837,0
298.13,311.09,1558,46.01,60,7,3258,1
300.08,307.73,1530,45.24,65,10,5811,0
301.55,313.98,1321,47.78,250,6,11952,1
297.82,307.98,1467,39.89,87,11,4607,0
300.56,309.21,1108,35.2,229,10,2395,1
297.73,305.73,1532,27.53,144,4,3000,0
298.17,307.89,1757,46.55,104,3,3329,1
295.78,307.16,1235,43.39,72,12,547,0
297.23,307.04,1395,32.27,176,13,2864,1
295.94,308.21,1559,35.69,214,9,10948,1
297.07,304.89,1726,36.27,185,15,6166,1
303.16,313.14,1419,28.14,48,12,6958,1
297.15,305.27,1375,33.46,87,13,9445,0
307.9,318.45,1146,30.93,93,10,8677,1
301.48,312.81,1519,36.7,27,4,8130,0
300.55,309.92,1868,34.09,157,8,8431,1
297.42,303.51,1550,26.98,171,13,7558,1
302.1,312.4,1496,56.18,167,1,3302,0
298.27,308.93,1558,50.02,152,7,9094,1
300.37,310.98,1498,33.77,98,12,2586,0
307.68,319.53,1354,42.18,70,6,7224,0
299.71,308.1,1648,43.34,98,13,10919,0
303.45,314.47,1541,49.53,145,12,6655,1
297.89,309.68,1503,33.45,241,1,11682,1
299.9,307.23,1324,48.74,126,15,1649,0
305.31,315.79,1735,35.62,123,4,562,1
298.12,307.36,1620,29.31,29,12,3653,0
305.44,315.32,1400,45.79,150,15,9700,1
302.12,312.64,1680,50.33,250,14,6438,1
298.31,307.58,1410,60.7,112,5,10723,0
301.9,310.89,1359,30.4,107,11,10014,1
302.92,312.97,1363,45.59,94,8,10773,0
301.87,310.24,1181,36.72,179,15,1251,0
295.29,303.66,1585,46.27,28,4,8276,0
297.82,308.84,1170,28.24,229,3,9349,0
299.26,307.54,1279,29.9,104,2,10352,1
299.78,310.78,1126,33.79,152,4,1200,0
301.86,312.55,1485,40.63,187,11,9772,1
300.53,307.94,1473,34.87,65,10,10848,0
295.99,304.97,1441,45.27,119,14,2040,1
301.14,312.93,1312,48.22,103,13,3532,1
301.83,310.36,1289,44.8,54,4,6667,1
301.68,310.98,1584,52.95,213,13,6864,1
303.24,313.93,1401,43.33,98,10,2483,0
302.5,313.68,1557,30.26,53,5,9006,1
301.38,311.0,1341,50.91,123,13,11773,1
299.79,308.89,1533,35.16,43,7,6296,0
295.02,307.15,1735,47.28,90,9,8148,1
301.29,313.9,1606,52.59,143,2,8394,1
300.62,312.09,1426,43.65,40,5,2814,0
300.81,310.94,1546,28.03,173,11,8459,1
296.17,304.96,1457,32.65,127,10,10827,1
296.76,305.51,1501,50.58,188,9,2149,0
303.16,313.94,1441,38.65,187,12,8200,1
299.88,310.51,1470,40.64,88,14,11911,1
302.04,314.14,1538,46.07,89,13,7400,0
300.08,311.06,1321,45.57,158,3,4300,1
300.09,307.84,1317,42.23,58,1,2978,0
302.81,314.39,1250,38.33,58,2,10467,1
298.45,306.95,1212,37.5,80,14,10658,1
300.29,309.71,1281,46.86,46,6,7554,0
298.61,308.99,1529,44.43,52,5,6559,0
298.7,311.69,1339,37.94,54,1,10459,0
299.07,313.73,1592,48.66,98,1,8933,1
300.67,311.58,1506,38.97,95,11,11641,0
298.56,308.29,1146,33.19,204,4,6709,1
303.77,314.57,1618,33.93,99,12,7615,0
297.32,308.65,1646,32.17,113,15,2756,0
299.44,308.96,1321,37.82,250,4,3868,0
298.68,311.37,1576,49.87,19,15,7887,0
304.34,314.69,1346,33.56,135,6,9058,1
300.59,311.34,1518,41.51,104,6,3327,0
303.1,314.1,1272,34.75,143,10,9944,0
295.54,306.17,1177,37.92,83,14,2987,1
300.8,312.06,1431,27.92,98,6,4103,0
302.67,311.74,1478,38.24,235,1,4021,1
300.25,309.41,1428,38.45,157,10,5017,0
303.2,311.55,1287,44.32,102,9,2143,0
298.45,309.11,1428,41.79,72,11,1712,0
304.23,315.4,1548,30.41,58,7,7845,1
306.9,317.59,1492,48.67,87,7,5203,0
298.91,311.42,1533,41.68,107,11,5934,1
298.66,308.65,1379,41.59,250,7,519,1
304.36,315.36,1711,39.93,129,2,1175,0
304.74,313.1,1288,35.86,77,2,4977,0
298.43,307.85,1588,41.74,19,6,1108,0
298.74,309.78,1713,43.8,70,7,6786,0
299.15,310.42,1587,26.02,87,3,561,0
295.97,305.53,1464,35.69,137,13,9957,1
297.24,307.13,1405,37.96,89,4,10977,0
296.99,304.71,1686,42.05,250,14,1654,0
297.7,307.16,1244,49.55,103,12,10320,1
299.9,311.24,1325,33.83,208,3,10318,1
300.7,311.56,1428,36.02,37,7,4216,0
304.65,315.4,1723,35.9,115,7,5742,1
297.0,307.07,1568,33.59,71,4,6059,0
302.95,312.96,1326,37.22,211,13,5522,0
299.36,308.37,1444,46.17,93,7,6985,1
299.85,310.9,1389,31.57,239,5,1942,1
302.02,312.65,1372,43.42,171,1,2153,1
296.63,307.37,1676,26.38,85,10,3002,0
301.15,310.36,1253,35.51,57,4,3769,1
300.5,307.27,1790,37.36,74,7,781,0
301.48,313.13,1649,53.4,99,13,9716,1
300.87,310.15,1696,37.8,171,15,3903,0
307.37,316.08,1417,22.39,117,2,1735,0
298.09,309.13,1473,24.01,188,2,5260,1
298.41,307.82,1242,40.27,249,1,7440,1
298.13,309.72,1406,44.91,121,2,1285,0
298.33,309.26,1589,43.0,61,10,10359,0
298.09,309.12,1733,41.34,147,14,11700,1
303.57,311.52,1301,49.3,250,8,3694,1
304.26,316.08,1434,35.68,194,11,5289,0
298.29,308.68,1473,47.16,140,8,4275,0
297.5,306.95,1249,26.94,67,8,11138,1
301.41,311.63,1606,32.76,105,15,5850,0
298.34,305.68,1370,25.54,39,1,1033,0
301.9,312.51,1465,37.8,55,1,9093,0
300.61,309.07,1419,39.63,149,12,4163,1
295.45,303.42,1358,40.91,33,10,629,0
304.64,312.36,1499,40.5,96,4,11031,1
305.39,317.06,1461,32.58,51,6,3459,0
298.16,307.22,1433,38.48,57,8,2358,0
298.84,311.14,1369,28.02,122,13,11665,0
300.86,310.06,1558,50.91,74,2,4149,0
301.0,308.44,1798,37.57,44,13,11478,0
301.98,310.31,1525,36.09,83,3,3597,1
306.03,317.88,1679,52.71,43,6,4012,1
299.47,309.24,1250,30.06,230,10,5360,1
297.61,306.79,1528,31.0,176,4,9912,1
295.86,306.1,1302,31.23,176,12,9333,0
297.81,308.56,1234,39.46,69,2,1223,0
299.9,311.58,1367,43.45,152,7,1237,1
305.38,317.55,1715,45.92,133,4,1799,1
298.45,307.91,1671,60.58,73,8,3980,1
300.67,308.68,1544,22.0,113,8,839,0
299.95,309.33,1224,44.87,38,7,652,0
303.57,313.96,1465,35.54,58,10,6184,0
307.58,316.13,1554,35.31,111,9,10113,0
298.41,306.97,1532,35.04,86,4,3551,0
298.53,309.05,1168,32.73,144,7,926,0
303.13,313.06,1340,53.48,74,10,7646,1
302.05,312.1,1488,46.74,94,10,8625,1
305.54,314.4,1597,40.19,116,15,6847,0
301.75,311.4,1105,50.81,70,12,9827,1
298.92,307.53,1471,27.9,93,1,2872,0
301.77,313.11,1526,29.35,132,4,8626,0
303.33,314.88,1653,22.58,250,2,1449,0
302.46,309.69,1625,34.4,70,9,8195,1
301.52,310.13,1605,41.29,87,5,1873,1
303.2,310.96,1356,40.82,193,3,7582,1
303.51,312.53,1157,41.19,221,4,9648,1
304.15,314.02,1429,28.71,160,6,10393,1
301.95,309.78,1680,46.43,217,10,11633,1
299.5,308.12,1751,41.92,68,1,2982,1
300.44,308.93,1628,45.86,206,7,8093,1
303.62,313.93,1577,24.86,180,8,9995,1
297.55,307.65,1568,42.49,56,7,870,0
301.11,310.03,1400,30.5,95,7,8337,0
298.82,309.09,1477,36.82,23,9,11672,0
300.09,309.27,1800,44.27,127,13,2796,1
303.84,313.43,1330,40.73,204,4,7534,1
300.57,313.08,1791,33.19,84,14,6824,0
300.14,312.15,1442,40.05,61,7,7642,0
295.92,303.97,1739,27.75,58,9,10817,1
302.24,313.48,1247,49.2,115,15,11658,0
301.94,313.16,1605,38.36,159,5,7528,0
306.49,314.77,1367,48.95,250,2,6979,1
299.08,310.31,1245,35.79,22,15,4645,1
300.66,312.97,1539,35.81,250,5,11434,1
300.75,309.07,1682,33.89,131,4,4521,0
304.73,313.35,1348,47.01,198,8,2864,1
299.71,311.24,1230,34.32,174,15,5730,1
300.84,311.25,1483,45.16,120,5,6470,0
301.82,312.65,1484,36.94,117,9,9454,0
300.56,311.07,1599,24.19,146,9,7800,0
298.66,309.25,1671,35.44,100,3,7255,1
300.58,308.59,1489,30.57,105,13,1504,0
303.22,314.79,1834,40.27,164,10,7557,1
296.92,308.67,1540,30.48,70,15,4255,0
300.4,310.06,1438,47.41,209,6,3346,1
297.9,307.83,1210,39.27,199,6,6762,1
303.59,311.29,1453,38.58,87,4,9041,0
295.43,306.2,1439,45.25,164,11,3464,0
298.32,309.18,1673,47.71,153,13,9378,0
301.13,311.04,1583,39.84,81,10,5137,0
304.7,316.39,1288,33.83,171,3,11818,0
299.8,309.3,1531,25.81,250,1,3255,0
298.33,309.18,1621,34.51,213,12,4124,1
305.64,314.11,1775,35.06,43,7,3232,0
295.66,305.62,1660,40.86,156,15,6973,1
293.4,303.14,1637,37.24,194,15,6851,1
301.32,311.66,1511,45.5,78,5,2193,0
298.49,307.94,1570,35.1,209,14,11584,1
296.94,306.74,1725,39.54,72,10,1184,0
302.13,313.37,1260,49.47,99,15,3419,1
300.73,310.07,1437,42.73,74,7,7666,0
298.31,305.9,1361,39.52,66,1,4256,0
296.16,308.78,1568,35.18,146,8,5954,0
302.62,314.69,1721,34.93,46,3,3783,0
301.95,310.01,1393,33.2,103,7,5191,1
299.7,310.73,1070,35.67,146,12,7328,1
305.54,314.79,1426,46.05,75,3,7850,1
296.79,307.19,1664,38.22,229,14,1656,1
295.42,305.86,1597,29.2,108,3,3561,0
297.92,307.57,1577,54.15,250,10,7657,1
299.86,308.68,1450,42.56,43,9,6419,0
300.73,309.69,1270,28.74,150,13,6393,0
299.28,307.91,1593,36.47,133,2,4945,0
301.06,309.81,1350,40.89,93,14,11021,0
296.25,306.15,1893,53.64,120,4,6936,1
304.33,313.26,1603,31.14,162,6,1792,0
299.75,310.77,1395,47.81,180,14,10576,1
303.35,315.58,1390,51.2,110,3,10252,1
301.03,310.16,1483,34.97,151,12,9675,1
301.37,311.73,1457,37.78,70,10,8402,1
301.71,312.46,1701,31.71,182,14,2567,1
301.34,312.05,1534,38.37,250,10,10555,1
301.93,312.04,1368,39.71,190,7,2479,0
303.99,315.1,1840,45.28,74,7,2236,0
300.59,311.31,1509,48.72,63,15,11144,1
302.13,310.27,1638,34.02,250,5,2418,1
299.73,311.03,1391,24.26,245,3,1200,1
304.32,315.65,1565,39.83,180,2,4546,1
297.97,306.83,1556,42.35,250,15,2573,1
305.4,315.46,1160,42.0,118,15,5161,1
299.88,310.9,1863,37.39,179,4,894,1
295.71,305.4,1732,41.0,228,14,10648,1
300.38,311.99,1429,52.12,100,15,3548,0
297.96,311.51,1302,43.05,156,13,3952,1
302.52,311.34,1563,37.01,214,4,1022,1
298.04,305.97,1516,36.0,60,11,10254,0
298.66,309.12,1564,38.64,94,8,11601,0
294.33,305.41,1534,53.09,211,8,11541,1
298.64,308.29,1591,38.53,135,13,9241,0
292.73,304.91,1761,39.84,124,5,1968,0
295.25,303.24,1602,36.14,116,13,6730,1
302.28,313.32,1311,48.79,223,6,8616,1
302.36,311.45,1745,55.68,64,8,9524,1
301.28,313.86,1795,43.6,90,15,7311,1
297.1,310.09,2067,40.66,46,1,1921,1
299.86,308.71,1298,40.29,98,5,8487,1
299.99,309.17,1544,20.93,131,4,785,0
296.52,307.81,1125,45.96,29,4,3245,0
304.51,313.93,1600,41.07,70,11,7608,1
302.63,312.56,1401,43.43,135,2,4964,1
299.34,309.38,1846,34.31,154,10,1945,1
300.08,307.2,1361,36.92,250,1,6337,0
300.63,310.61,1196,36.71,168,14,1966,1
293.87,302.84,1415,48.17,107,15,10468,1
299.26,308.52,1144,36.97,129,6,7667,0
297.95,310.12,1635,56.66,131,7,9606,0
297.0,305.12,1128,43.45,90,5,8979,1
299.16,310.38,1505,29.79,138,15,10780,0
305.39,314.97,1126,38.97,87,8,4926,1
301.92,311.5,1442,34.79,142,9,6432,0
298.29,309.48,1796,22.44,116,11,10496,1
301.72,312.23,1565,52.8,104,11,1678,0
304.2,315.06,1345,45.63,106,2,3051,1
302.77,314.22,1494,44.27,183,11,4870,0
300.18,309.68,1503,41.32,174,13,10280,1
298.06,307.14,1585,28.94,101,4,6822,0
302.09,310.46,1254,36.13,179,11,10648,1
301.18,309.94,1607,46.73,114,9,10467,0
302.69,317.11,1013,31.59,115,5,5362,1
301.91,313.78,1387,19.75,90,3,9679,0
303.15,311.12,1412,38.18,250,6,6355,0
298.39,306.41,1614,38.87,250,15,1703,1
303.95,314.67,1504,41.08,78,3,7849,0
300.59,311.41,1247,45.83,98,14,6886,0
306.23,317.05,1323,45.1,148,5,1619,1
297.93,307.55,1536,42.07,164,3,8888,0
305.21,315.02,1486,49.56,60,6,4475,0
300.59,311.08,1396,27.85,67,12,9217,1
298.05,308.18,1413,44.04,9,10,10102,0
298.55,305.22,1625,45.01,165,5,1792,0
299.04,308.7,1407,30.08,43,14,9886,1
301.27,309.99,1484,27.98,79,9,10640,1
301.57,311.83,1891,34.03,195,3,4155,1
298.28,312.76,1244,34.71,190,6,5286,1
299.93,310.48,1167,46.03,250,8,2717,1
306.43,315.96,1641,35.08,250,7,7090,1
305.18,316.56,1378,33.15,250,6,1517,1
301.31,312.03,1443,35.11,96,14,11845,1
300.11,310.74,1359,48.95,82,15,5676,0
300.36,311.27,1453,40.1,152,2,4090,0
301.84,314.92,1788,38.57,47,15,8739,0
296.93,305.23,1644,39.12,103,7,9519,0
299.23,309.94,1655,50.34,131,8,6676,1
294.99,303.6,1245,34.01,158,1,7147,0
301.2,312.03,1293,50.52,168,15,5222,1
301.94,310.56,989,41.68,101,9,6515,1
298.55,307.92,1354,38.72,52,4,5622,0
304.72,314.28,1672,60.01,60,8,8183,0
296.32,307.78,1593,31.55,27,15,2589,1
295.61,306.99,1460,37.17,84,10,2556,0
300.67,308.8,1496,30.14,46,7,9510,0
303.14,313.22,1376,47.62,88,14,4180,0
305.05,313.99,1537,53.51,151,13,10503,1
298.62,306.73,1638,53.36,53,10,5385,0
303.24,312.91,1209,49.79,126,7,3614,1
299.88,309.42,1554,38.42,101,2,7883,0
299.48,313.12,1668,37.08,146,1,2129,1
302.65,313.3,1425,26.63,166,4,2043,0
301.96,309.89,1626,56.29,97,12,8012,1
295.27,304.42,2007,43.75,120,2,6269,1
304.43,315.96,1481,36.06,101,8,2404,1
304.14,317.27,1571,50.62,89,10,1936,0
298.12,305.74,1367,32.22,76,7,5531,0
301.19,308.37,1533,43.25,158,8,3817,0
301.48,314.29,1583,38.62,244,11,11751,1
300.78,311.36,1535,45.11,228,6,4616,0
298.35,307.05,1316,39.49,49,1,9690,0
297.99,308.79,1537,28.39,242,14,10123,1
299.92,305.97,1763,40.6,65,13,5052,0
303.52,313.53,1581,48.39,131,13,6063,1
301.63,312.12,1673,39.77,145,12,6623,1
298.89,310.28,1457,46.2,41,9,3561,0
302.32,310.8,1635,31.64,108,6,8589,1
291.45,301.58,1550,39.79,250,12,8956,1
303.45,312.06,1329,35.0,20,13,4231,1
294.78,305.16,1557,45.98,250,10,6827,1
298.91,307.57,1321,40.25,26,1,10966,0
296.64,306.03,1386,45.52,142,1,3817,0
296.12,304.63,1534,48.7,42,8,2546,0
303.48,314.46,1554,45.53,156,6,3644,1
298.6,309.89,1286,42.18,223,8,3721,1
301.04,310.69,1690,32.01,189,8,11832,1
299.86,309.92,1603,39.98,207,15,5564,1
301.43,309.26,1373,35.74,101,11,9945,1
300.23,309.78,1223,37.25,44,14,1222,1
296.15,306.07,1474,37.0,249,8,8275,0
302.99,316.92,1420,32.16,250,10,8064,1
298.52,306.85,1520,24.34,127,15,8775,0
295.33,307.53,1435,34.65,94,7,5335,0
298.72,310.22,1139,41.55,71,7,4319,0
304.5,314.92,1430,29.21,183,10,3864,0
302.55,315.19,1445,40.13,213,4,10449,1
298.95,309.51,1614,55.2,94,9,6589,1
298.95,309.53,1374,48.18,250,12,4818,1
299.04,308.96,1802,53.15,174,2,7436,1
306.23,318.07,1156,43.13,126,11,3280,1
301.15,312.79,1736,49.34,145,9,11979,0
301.29,310.35,1460,34.21,61,10,7898,0
303.09,311.11,1655,34.85,181,3,2952,0
300.72,310.42,1514,18.09,64,14,5788,0
299.22,308.02,1705,49.49,87,13,9020,1
299.41,309.31,1430,52.32,115,15,925,0
299.79,311.65,1302,35.57,250,2,9461,1
299.89,309.2,1756,37.97,138,13,4475,1
302.18,312.12,1480,33.97,68,4,9299,0
300.16,310.25,1540,43.06,145,5,10544,1
302.2,313.47,1722,49.0,168,2,7169,1
299.76,306.39,1314,26.06,233,13,11364,1
300.24,309.33,1607,43.28,118,15,2624,0
294.01,304.33,1394,37.79,75,1,1800,0
302.75,314.55,1476,40.91,250,10,5515,1
301.04,310.3,1513,43.67,146,11,9157,1
302.99,310.18,1230,38.49,68,5,2464,0
291.31,302.24,1360,39.17,118,9,6067,0
306.27,315.32,1743,38.29,87,15,10637,1
299.58,307.8,1660,47.76,241,12,5779,1
303.32,312.38,1489,43.35,167,12,11231,1
296.88,306.6,1544,41.76,98,15,2860,1
301.84,310.93,1447,29.83,213,5,2539,1
296.84,303.53,1744,36.97,112,12,1684,0
298.13,309.48,1464,47.19,116,11,4434,0
305.74,317.65,1542,40.3,74,10,11909,0
299.43,310.41,1706,45.28,73,9,6294,0
300.65,308.94,1360,54.13,250,14,8672,1
302.61,312.31,1781,48.31,207,13,11474,1
301.49,311.48,1225,40.75,30,12,1277,1
300.45,311.35,1793,35.91,63,10,3879,0
301.09,312.09,1433,19.57,54,6,2918,0
307.21,316.11,1456,38.65,124,3,4577,0
299.83,309.95,1160,37.39,92,4,2939,1
300.6,311.29,1418,43.12,250,4,8304,1
303.15,315.33,1313,38.77,98,1,5769,0
303.32,314.38,1391,37.44,250,3,6087,1
303.56,314.74,1475,25.76,114,3,2489,1
301.92,312.05,1672,32.48,250,13,8368,1
296.57,308.69,1537,43.81,106,14,9758,1
304.9,315.51,1555,53.73,107,1,1444,0
296.56,305.27,1303,39.22,205,13,8720,1
300.91,313.02,1341,42.62,188,9,2397,0
297.74,308.79,1824,47.62,48,11,6251,1
299.81,309.15,1368,33.51,126,1,5650,0
300.99,310.27,1798,42.93,91,9,2197,1
300.96,311.4,1456,34.08,88,1,11506,0
301.27,311.96,1500,46.92,126,2,11180,0
304.84,315.14,1693,41.21,100,2,6385,1
301.36,311.83,1729,42.39,134,14,2165,1
299.27,311.82,1480,33.74,61,6,10262,0
302.89,314.5,1430,45.66,40,7,10425,1
303.57,313.86,1490,56.68,209,11,9451,1
296.32,307.73,1561,31.94,228,1,10849,1
301.79,310.24,1660,37.28,202,3,10043,0
302.1,312.7,1501,41.85,123,2,9960,0
299.11,311.82,1611,46.29,95,8,2285,1
304.13,313.8,1795,35.52,80,9,6448,0
299.55,308.28,1569,17.34,71,13,3107,0
300.38,309.4,1556,50.87,114,2,9090,1
299.48,307.85,1227,46.08,224,2,3130,1
300.05,308.87,1026,26.06,76,10,11138,1
296.71,306.15,1570,35.14,225,15,8160,1
295.68,303.57,1483,52.55,42,9,10361,0
304.78,314.8,1407,51.58,138,14,738,1
297.46,308.81,1544,47.51,155,4,4036,0
297.03,305.67,1489,38.59,86,5,4361,0
293.54,305.82,1703,40.66,58,13,11795,1
298.08,308.85,1515,38.95,194,11,9838,1
296.03,307.58,1366,49.03,123,9,10249,1
304.93,313.94,1678,32.99,250,6,10849,1
303.03,314.31,1461,33.55,226,10,8991,1
297.94,306.3,1595,48.08,227,12,8399,1
306.76,318.1,1414,39.65,16,9,7645,0
302.95,313.21,1383,51.03,77,9,6361,0
299.03,309.86,1515,34.63,53,7,748,0
292.5,300.74,1502,39.56,25,14,11260,0
306.87,315.53,1586,32.62,117,12,4823,0
295.83,306.73,1452,40.06,191,10,7601,1
295.06,303.64,1169,28.17,62,9,3360,0
303.07,313.76,1422,36.1,27,5,1223,0
307.32,315.27,1643,28.51,66,5,1069,0
304.15,315.42,1446,45.55,109,12,8911,1
301.69,309.84,1456,45.73,104,8,10086,1
301.78,312.61,1678,26.16,121,10,3334,0
302.56,313.5,1372,50.67,153,4,8428,1
302.28,311.23,1222,59.98,119,9,7171,1
300.84,311.71,1471,40.37,197,7,2622,0
300.31,310.7,1413,34.87,63,7,4500,1
299.81,309.0,1326,62.59,101,13,3589,1
297.74,306.23,1468,29.45,168,15,7665,0
299.16,306.22,1588,40.16,142,3,7710,1
294.92,305.44,1498,41.44,250,4,549,1
299.7,307.35,1555,50.76,65,7,1014,0
297.03,307.17,1826,42.88,170,11,11483,1
296.69,306.29,1438,36.01,79,11,11470,1
300.54,311.56,1550,32.39,74,14,11310,0
304.18,313.73,1408,37.27,219,5,10529,1
302.75,312.26,1348,31.94,118,12,5171,0
295.29,306.39,1395,40.38,140,3,8249,1
297.03,307.53,1414,35.49,83,1,1665,0
302.82,313.29,1565,28.05,87,7,10941,1
297.05,307.75,1923,50.04,39,6,914,1
299.33,307.03,1371,36.02,134,10,10960,1
301.65,312.79,1425,29.85,59,15,1604,0
297.09,308.01,1489,38.65,110,7,5358,0
300.32,308.79,1571,40.55,197,15,3856,1
296.0,305.63,1547,26.03,31,14,2916,0
298.2,308.14,1731,42.65,250,2,6111,1
300.96,310.76,1063,31.62,73,13,10626,1
295.22,305.72,1070,53.69,112,12,5965,1
301.32,313.47,1411,44.19,140,4,8895,1
299.94,311.56,1698,36.8,71,2,7692,0
301.66,309.69,1218,34.04,89,8,6172,0
300.67,311.6,959,39.16,223,7,8760,1
304.09,316.08,1603,44.9,185,1,9207,1
300.38,310.96,1544,39.8,102,2,4063,0
298.71,310.35,1304,38.26,120,2,6883,1
300.37,313.39,1323,40.47,131,4,10156,1
301.63,313.17,1325,35.17,166,3,10344,1
300.15,310.52,1520,37.25,173,1,9398,1
300.12,311.69,1387,23.31,170,12,10317,1
297.89,308.11,1589,47.79,92,14,7333,0
298.01,308.05,986,42.39,128,2,5252,1
295.79,305.26,1346,33.81,209,11,8623,1
305.25,317.6,1297,55.19,250,9,4285,1
296.27,305.04,1454,40.7,126,13,10037,0
297.92,310.22,1403,31.71,85,1,9035,0
297.84,308.59,1644,46.85,70,9,9227,0
302.68,310.58,1165,43.18,171,7,9046,1
299.12,309.67,1508,43.16,38,2,5523,0
303.74,310.59,1601,36.59,172,2,1482,0
297.98,308.92,1834,43.6,174,5,1845,0
300.84,312.17,1413,37.91,86,13,6191,1
297.49,306.6,1558,44.45,139,5,6502,1
306.44,316.63,1175,24.76,104,4,11701,1
296.44,309.37,1069,36.53,46,12,1026,0
300.93,310.17,1652,53.78,165,10,7147,1
301.9,310.31,1499,33.86,156,10,7752,0
301.24,313.46,1712,35.17,91,13,1430,0
299.44,312.38,1253,36.42,250,12,11448,1
299.61,309.62,1594,30.28,120,3,2782,0
300.13,311.65,1836,22.33,29,4,2446,0
299.56,311.57,1576,38.16,216,10,11233,1
302.89,311.78,1550,41.09,188,4,10608,1
306.63,315.9,1502,39.58,200,2,3860,0
298.33,310.18,1217,38.84,61,5,10285,0
295.89,308.42,1744,40.34,136,15,8612,1
299.74,310.58,1390,48.18,119,5,3425,0
307.74,316.42,1591,38.48,108,5,4125,1
297.59,310.57,1219,35.41,248,11,5969,1
304.92,314.12,1288,37.75,121,15,1723,1
305.03,314.53,1758,44.63,93,11,10651,1
298.34,308.85,1437,51.3,92,10,7610,0
301.71,314.04,1762,34.97,58,1,9657,0
304.89,316.17,1486,40.79,129,6,5492,0
298.86,309.48,1168,42.71,250,11,9314,1
299.39,310.08,1661,32.06,98,2,5287,0
298.25,308.32,1394,40.16,141,7,7318,1
296.96,307.8,1626,28.27,107,4,5226,0
298.05,304.26,1505,25.85,114,15,2872,0
296.33,305.89,1222,42.93,193,5,11640,1
300.1,310.46,1530,36.93,57,5,3799,0
297.69,305.96,1895,41.62,41,5,9860,0
300.7,311.28,1589,39.86,216,2,6951,0
295.33,305.02,1490,32.19,85,5,9083,0
300.99,313.62,1694,39.64,94,3,4309,0
302.5,314.86,1538,30.14,250,4,2907,0
294.02,303.32,1538,51.13,187,13,5364,0
301.12,310.89,1304,29.15,67,2,5527,0
303.68,313.57,1542,38.43,224,4,4760,0
296.37,305.69,1686,31.66,190,13,5328,0
305.02,315.31,1350,44.56,8,9,9272,1
301.26,310.12,1756,37.35,131,8,9512,1
297.88,306.18,1483,35.85,59,13,9939,0
299.83,310.76,1340,46.83,114,14,8815,1
301.67,312.61,1680,40.24,250,15,2374,1
300.23,309.02,1448,44.13,197,11,9215,1
301.62,312.96,1637,32.15,212,12,3623,1
297.24,306.29,1447,28.76,107,3,4724,0
300.51,310.89,1489,40.86,213,1,5754,1
295.76,306.99,1589,37.45,74,1,3698,0
299.67,309.62,1552,45.01,130,6,11477,1
297.29,307.97,1141,39.36,192,3,7582,1
297.79,307.02,1298,41.64,189,4,10810,1
303.71,313.42,1667,27.01,43,1,1710,0
303.27,312.96,1476,55.11,250,8,9718,1
301.83,310.71,1406,38.69,65,1,5904,0
296.72,306.45,1255,45.58,250,5,4617,1
299.05,306.73,1306,33.31,195,6,5929,1
303.64,312.9,1136,42.46,186,15,9189,1
300.43,310.0,1482,29.58,69,2,11497,0
306.96,316.58,1392,43.62,87,7,10385,1
301.18,310.82,1326,37.15,250,7,5258,0
300.58,310.49,1488,40.23,250,1,8682,1
299.07,309.79,1566,45.58,109,4,9416,0
300.4,311.71,1877,30.14,103,12,875,0
299.54,308.57,1228,34.52,105,13,7913,1
302.12,310.32,1709,43.66,225,4,4898,1
302.87,311.31,1675,56.79,213,5,11144,1
297.64,306.91,1360,38.9,151,1,4359,0
296.01,305.48,1537,44.73,131,1,2186,0
294.49,303.34,1418,39.14,108,7,5512,0
301.52,309.58,1533,55.54,250,9,756,1
296.69,306.01,1772,26.02,46,1,4100,0
293.54,303.81,1609,40.76,94,2,550,0
301.17,312.06,1592,27.0,145,6,7090,0
307.48,316.64,1423,19.95,40,15,7937,0
299.98,309.36,1233,42.38,84,15,1094,0
302.52,311.13,1462,41.12,250,6,5231,1
300.25,310.2,1717,37.72,205,2,4373,0
299.7,308.43,1225,39.15,83,9,9764,0
302.76,313.62,1310,64.79,82,4,6248,1
299.13,306.45,1523,37.93,47,13,5737,0
300.8,310.26,1323,44.08,91,7,1976,0
300.97,311.42,1357,34.81,167,6,5370,1
298.0,308.28,1424,42.36,150,11,8532,1
302.98,317.02,1254,38.09,94,13,3520,0
299.48,310.0,1325,36.72,65,11,6566,0
297.73,306.22,1627,54.55,107,3,8553,1
301.61,311.47,1265,49.42,106,8,10356,0
297.3,304.64,1212,41.09,190,7,11422,0
300.08,309.96,1387,21.57,138,9,10087,0
299.97,308.72,1632,37.11,127,3,8566,1
303.26,314.63,1465,61.62,236,1,8667,0
301.42,310.6,1416,38.15,250,2,5280,0
299.92,309.74,1508,48.83,149,12,4545,1
302.45,311.5,1186,51.54,152,11,11352,1
304.17,316.78,1589,41.75,112,15,2733,1
301.67,311.19,1569,33.27,68,12,8617,0
300.03,312.78,1426,20.52,199,1,6859,1
296.06,307.28,1681,45.47,177,11,4697,1
296.8,307.52,1297,33.48,117,5,10793,0
299.08,309.63,1703,41.41,138,15,9998,0
298.17,308.76,1528,30.0,228,10,10329,1
299.44,306.55,1439,37.88,249,14,9832,1
300.17,309.75,1496,40.27,17,2,1115,0
301.59,312.86,1481,42.15,80,3,2066,0
299.79,309.72,1720,31.08,117,8,9668,1
301.46,309.35,1306,49.58,58,15,10008,0
300.19,310.11,1363,35.22,140,10,2839,1
294.07,306.63,1687,26.6,82,14,8609,0
297.18,309.05,1393,39.13,143,5,7874,1
299.57,309.48,1662,40.28,84,4,7207,1
296.37,307.8,1806,41.28,86,5,10788,0
301.8,311.25,1428,50.9,142,10,878,0
304.59,312.03,1623,38.11,204,6,3965,0
303.66,312.27,1292,39.04,171,12,6505,1
299.36,311.7,1636,31.17,118,7,2771,1
304.47,314.06,1536,46.56,31,14,9738,0
300.45,310.08,1585,41.47,85,13,1507,0
298.99,308.54,1384,36.64,79,9,7300,0
298.16,311.02,1201,24.76,183,1,609,1
299.09,311.53,1591,51.56,132,4,3271,1
298.84,312.17,1129,30.18,135,12,4383,1
300.51,310.27,1443,35.27,71,12,3100,0
300.48,310.92,1669,42.87,250,9,6018,1
300.01,307.74,1535,30.43,134,5,3743,0
301.31,313.53,1851,28.05,68,8,1505,0
303.57,311.82,1685,23.01,71,12,805,0
302.85,313.18,1382,45.77,146,1,6201,0
295.55,303.9,1505,35.64,66,4,1458,0
292.34,301.46,1491,63.42,80,12,9645,1
302.8,311.54,1215,32.05,56,14,5770,0
295.9,304.99,1331,32.63,182,12,8095,1
299.33,308.52,1399,35.48,67,9,11360,1
296.49,305.67,1133,41.95,250,13,4038,1
294.59,305.84,1509,36.24,157,1,11369,0
301.62,309.96,1455,44.9,56,1,7520,0
302.28,312.61,1199,32.17,170,4,2130,1
298.27,310.1,1573,28.95,250,14,10483,0
292.23,301.46,1629,25.61,115,3,3103,0
298.36,307.28,1541,22.21,250,7,10663,0
301.18,310.83,1442,35.86,159,11,8758,1
295.56,307.33,1606,37.59,82,3,9526,0
300.55,310.84,1622,34.95,250,1,705,1
299.95,309.15,1555,49.95,46,12,11525,1
301.74,312.47,1352,49.82,98,15,10406,1
300.36,308.71,1550,37.32,118,11,10224,1
297.08,308.1,1715,25.65,250,10,6191,1
303.59,314.2,1393,35.47,185,2,6641,0
299.52,309.06,1878,35.2,167,10,3645,1
299.92,308.66,1405,34.74,74,13,3620,1
297.2,305.87,1506,34.42,112,4,7228,0
298.67,309.47,1379,34.77,84,1,9399,1
297.35,309.19,1540,36.91,164,1,6530,0
299.48,308.52,1186,34.92,233,12,678,1
305.14,315.83,1402,41.67,250,14,5667,1
295.88,302.75,1303,42.88,90,8,612,0
295.16,304.28,1524,32.71,45,7,9448,0
304.41,314.36,1679,50.17,99,14,9588,1
299.37,308.01,1616,32.16,215,8,11560,0
297.99,306.59,1073,27.06,68,13,8850,1
303.12,312.12,1868,43.05,120,4,9477,1
298.18,308.62,1553,33.46,168,6,2303,0
305.48,315.2,1360,42.57,91,15,10531,1
302.03,308.67,1528,20.77,138,13,11860,0
298.54,305.36,1532,51.14,64,3,2798,1
306.47,315.56,1380,45.38,242,11,2042,1
298.18,308.87,1536,28.0,104,13,7759,0
302.23,308.11,1391,28.17,135,8,2654,0
300.9,310.15,1427,53.38,32,4,9266,1
303.91,313.12,1376,34.1,58,3,11730,0
304.68,316.76,1242,33.33,211,4,1881,1
300.1,309.52,1526,21.87,90,6,6402,0
297.74,308.31,1605,37.19,66,11,1722,0
301.38,311.59,1593,38.18,42,7,11166,0
297.97,304.77,1648,45.72,239,7,2001,0
306.04,317.19,1558,28.81,180,14,9550,1
300.41,310.73,1404,27.84,173,15,4074,0
298.9,309.66,1651,43.61,250,12,4229,1
300.55,316.44,1256,48.05,98,4,11657,1
295.96,302.83,1338,27.43,45,8,8240,0
297.09,309.68,1326,48.65,125,7,3691,0
303.6,313.17,1694,40.3,250,2,10288,1
298.03,308.46,1670,48.73,126,13,7976,1
296.86,306.79,1588,39.44,229,8,2061,0
301.61,310.97,1693,19.82,46,9,3022,0
303.56,312.71,1342,38.78,73,5,11291,0
302.16,312.65,1563,48.48,203,15,2891,1
302.99,310.71,1477,32.85,134,4,3175,1
297.73,308.86,1652,36.9,113,4,2683,0
295.73,305.11,1479,38.59,227,13,8968,0
304.5,312.8,1431,16.8,202,4,8566,1
299.03,308.35,1597,53.37,136,6,2578,0
299.25,311.14,1658,32.79,17,11,4842,0
303.98,313.18,1380,44.05,121,4,1620,0
301.67,312.21,1489,39.31,156,7,11215,0
301.37,310.27,1309,50.06,33,7,5919,0
306.5,317.64,1050,43.25,153,5,3870,1
298.07,309.1,1536,38.12,233,13,2408,1
302.78,315.55,1610,32.85,121,5,4020,0
300.17,309.91,1547,46.38,61,15,4807,0
300.81,311.81,1149,25.01,19,10,4996,0
304.59,314.74,1437,45.17,155,8,5250,0
301.52,313.46,1101,31.21,36,7,11797,1
301.61,310.53,1747,50.02,172,14,997,1
303.22,314.34,1305,41.29,250,7,7491,1
298.91,308.62,1726,45.15,76,6,4087,1
297.48,307.38,1670,40.66,105,7,2913,0
296.87,307.01,1338,25.98,250,7,4300,1
294.1,304.48,1296,33.11,130,10,9154,1
306.17,316.0,1563,45.38,91,14,6671,1
296.69,307.01,1348,41.33,215,2,11452,0
299.34,311.71,1518,49.45,94,14,3957,0
299.17,310.65,1413,43.23,72,10,8964,0
300.92,312.22,1179,32.27,171,2,7469,0
302.45,311.77,1099,33.63,225,14,1650,1
302.58,311.25,1541,40.82,72,10,7954,1
298.25,309.68,1399,21.49,137,7,5707,0
299.5,310.81,1400,53.39,108,14,518,0
300.85,313.06,1625,43.53,119,10,10308,1
299.25,308.34,1711,49.82,62,7,3678,0
304.82,314.48,1451,27.36,179,7,6077,0
301.47,309.01,1439,49.96,250,5,4581,1
302.2,311.61,1590,57.85,71,1,6954,1
301.99,313.48,1256,29.43,178,14,9103,1
303.52,312.82,1540,46.17,212,2,9433,1
300.54,311.5,1599,40.01,136,13,3171,1
296.11,305.82,1622,27.64,174,9,11471,0
301.2,311.69,1151,43.94,76,8,6887,1
298.05,306.33,1363,46.67,250,8,7333,1
298.41,308.54,1342,35.19,226,10,3124,1
301.76,307.27,1518,49.33,240,1,5999,1
303.71,313.43,1587,26.67,54,6,1014,0
300.06,307.61,1769,28.04,161,15,706,1
300.93,312.74,1411,41.09,80,15,1447,0
305.11,316.28,1410,40.2,250,9,11133,1
300.72,311.42,1707,34.27,72,15,2328,0
307.81,320.09,1553,46.48,140,8,7361,0
301.7,310.28,1728,44.25,26,3,6594,0
294.72,307.34,1552,46.87,139,4,6845,0
302.26,313.66,1292,39.01,55,15,2667,0
301.14,310.79,1260,44.82,166,3,8479,0
303.87,315.57,1221,36.43,110,6,6426,1
302.02,310.36,1619,56.43,96,14,7032,1
299.58,308.34,1714,33.5,250,9,6156,1
296.33,305.42,1833,56.84,250,15,6443,1
299.37,308.58,1652,40.28,44,8,10348,1
297.45,305.87,1709,29.0,98,15,9293,0
298.26,310.09,1396,50.94,195,15,5939,0
301.77,311.38,1292,41.01,151,13,9403,1
305.01,315.54,1653,46.81,189,10,1703,1
301.18,310.32,1575,49.79,115,4,7500,1
296.41,303.68,1519,42.7,231,15,10083,0
301.33,311.74,1570,35.26,136,2,11388,0
303.59,310.72,1558,47.81,156,13,7139,1
298.17,308.07,1731,40.01,55,8,8189,1
299.6,307.55,1733,45.49,128,8,11964,1
300.04,313.02,1598,22.77,196,14,8013,1
297.65,309.02,1652,43.58,146,12,7126,1
301.94,312.1,1593,34.89,131,11,7886,0
299.64,311.54,1417,53.23,162,6,3631,1
301.26,309.99,1636,44.98,135,14,7634,0
297.34,308.16,1249,41.92,117,8,4230,1
298.69,308.99,1690,43.89,200,9,3166,1
302.17,312.57,1285,32.01,113,13,1049,0
298.88,310.79,1551,52.99,52,1,5241,1
305.18,316.28,1348,55.93,250,9,1744,1
298.8,309.23,1600,43.14,82,2,4512,1
300.67,308.19,1494,52.72,42,14,11241,0
302.8,311.36,1213,35.45,173,13,11896,1
295.74,305.56,1576,33.62,250,1,9537,1
294.72,304.86,1396,40.33,176,8,6696,1
295.42,303.72,1659,43.48,250,8,5045,1
303.79,317.41,1500,36.85,67,11,6705,0
298.34,310.61,1571,44.3,53,4,7690,0
307.67,318.57,1328,42.45,97,8,8735,1
298.31,308.42,1394,32.01,221,7,1158,1
300.55,310.23,1417,44.15,167,13,7495,1
304.63,313.2,1654,46.91,174,2,11559,1
306.02,316.14,1802,41.37,131,5,6276,1
306.18,316.57,1355,49.22,99,14,5793,1
303.63,311.77,1694,30.26,135,10,11474,1
303.07,313.57,1109,43.74,110,4,2191,1
301.78,311.55,1285,30.64,94,3,10917,1
